Timestamp,LiDAR,Ultrasonic,IMU_X,IMU_Y,IMU_Z,Obstacle
2025-03-29 18:50:14.135714,3.96,3.59,-0.81,-0.29,10.38,0
2025-03-29 18:50:15.135714,4.68,2.3,-0.91,0.54,10.1,0
2025-03-29 18:50:16.135714,1.68,1.17,-0.19,0.02,10.24,1
2025-03-29 18:50:17.135714,3.34,4.83,0.73,0.72,10.3,0
2025-03-29 18:50:18.135714,4.05,1.37,0.88,0.51,9.5,1
2025-03-29 18:50:19.135714,1.06,2.39,-0.83,0.57,9.6,1
2025-03-29 18:50:20.135714,1.32,4.7,-0.16,0.01,9.73,1
2025-03-29 18:50:21.135714,2.59,2.42,-0.47,-0.03,10.48,0
2025-03-29 18:50:22.135714,4.17,3.54,0.42,0.39,9.92,0
2025-03-29 18:50:23.135714,1.62,3.38,0.5,-0.98,10.19,1
2025-03-29 18:50:24.135714,3.95,4.1,0.84,-0.61,10.25,0
2025-03-29 18:50:25.135714,4.91,3.23,-0.36,0.58,9.54,0
2025-03-29 18:50:26.135714,1.39,2.11,-0.93,-0.09,10.05,1
2025-03-29 18:50:27.135714,1.63,4.03,-0.77,0.37,9.62,1
2025-03-29 18:50:28.135714,2.39,2.86,-0.13,0.59,10.31,0
2025-03-29 18:50:29.135714,0.8,1.49,0.44,-0.64,9.77,1
2025-03-29 18:50:30.135714,2.22,3.87,-0.85,0.33,9.74,0
2025-03-29 18:50:31.135714,1.26,2.93,0.88,-0.04,10.36,1
2025-03-29 18:50:32.135714,0.95,2.54,0.84,0.46,10.2,1
2025-03-29 18:50:33.135714,2.3,0.5,0.47,0.8,9.86,1
2025-03-29 18:50:34.135714,2.2,3.11,0.52,-0.22,10.49,0
2025-03-29 18:50:35.135714,4.65,1.78,0.59,-0.39,10.49,1
2025-03-29 18:50:36.135714,4.41,3.82,0.06,-0.53,10.39,0
2025-03-29 18:50:37.135714,1.73,4.11,-0.6,0.54,10.05,1
2025-03-29 18:50:38.135714,2.28,3.31,-0.45,-0.96,10.37,0
2025-03-29 18:50:39.135714,4.55,1.65,0.65,-0.65,9.53,1
2025-03-29 18:50:40.135714,4.58,4.02,-0.55,0.74,10.44,0
2025-03-29 18:50:41.135714,3.72,2.77,0.84,-0.71,9.72,0
2025-03-29 18:50:42.135714,1.66,5.0,0.2,-0.05,10.34,1
2025-03-29 18:50:43.135714,4.27,1.77,-0.52,0.23,10.0,1
2025-03-29 18:50:44.135714,0.86,3.52,0.38,-0.51,9.53,1
2025-03-29 18:50:45.135714,0.52,1.71,-0.07,0.68,10.27,1
2025-03-29 18:50:46.135714,3.89,3.66,0.41,0.89,10.24,0
2025-03-29 18:50:47.135714,2.62,4.04,0.19,0.05,10.39,0
2025-03-29 18:50:48.135714,1.29,1.46,-0.29,-0.72,9.88,1
2025-03-29 18:50:49.135714,4.56,3.07,-0.94,0.59,10.07,0
2025-03-29 18:50:50.135714,3.38,3.72,0.07,0.75,10.1,0
2025-03-29 18:50:51.135714,1.5,0.81,-0.7,-0.77,9.63,1
2025-03-29 18:50:52.135714,3.45,1.81,-0.73,0.92,9.95,1
2025-03-29 18:50:53.135714,4.53,4.21,-0.93,0.82,10.28,0
2025-03-29 18:50:54.135714,1.49,2.15,-0.02,-0.49,10.07,1
2025-03-29 18:50:55.135714,4.06,1.86,0.03,0.91,10.44,1
2025-03-29 18:50:56.135714,0.83,0.93,-0.66,-0.86,10.29,1
2025-03-29 18:50:57.135714,4.7,3.8,0.3,0.36,9.73,0
2025-03-29 18:50:58.135714,3.42,1.45,0.91,0.78,10.43,1
2025-03-29 18:50:59.135714,2.33,0.51,-0.49,0.32,10.2,1
2025-03-29 18:51:00.135714,2.13,4.27,0.22,-0.17,10.13,0
2025-03-29 18:51:01.135714,3.75,3.0,-0.6,0.98,10.09,0
2025-03-29 18:51:02.135714,0.65,3.78,0.6,0.86,10.21,1
2025-03-29 18:51:03.135714,1.3,3.26,0.34,-0.36,9.94,1
2025-03-29 18:51:04.135714,4.29,0.93,-0.21,-0.01,10.49,1
2025-03-29 18:51:05.135714,4.7,2.28,-0.02,-0.21,9.72,0
2025-03-29 18:51:06.135714,1.39,3.33,0.22,-0.82,10.2,1
2025-03-29 18:51:07.135714,3.45,3.89,-0.44,-0.5,10.18,0
2025-03-29 18:51:08.135714,4.57,1.42,-0.78,0.25,9.55,1
2025-03-29 18:51:09.135714,3.25,1.31,-0.47,-0.2,10.02,1
2025-03-29 18:51:10.135714,4.16,1.41,-0.57,-0.48,10.07,1
2025-03-29 18:51:11.135714,4.17,4.41,0.11,-0.5,10.34,0
2025-03-29 18:51:12.135714,4.81,0.65,0.8,-0.83,10.4,1
2025-03-29 18:51:13.135714,3.04,2.53,0.81,-0.52,10.13,0
2025-03-29 18:51:14.135714,1.42,1.89,-0.11,-0.76,10.26,1
2025-03-29 18:51:15.135714,2.65,1.59,0.69,-0.1,9.98,1
2025-03-29 18:51:16.135714,1.15,2.37,-0.04,-0.95,9.97,1
2025-03-29 18:51:17.135714,0.89,4.1,-0.33,-0.46,9.86,1
2025-03-29 18:51:18.135714,2.88,0.66,0.69,-0.75,10.45,1
2025-03-29 18:51:19.135714,2.05,1.66,-0.81,-0.3,10.31,1
2025-03-29 18:51:20.135714,4.04,3.09,0.79,0.13,9.99,0
2025-03-29 18:51:21.135714,3.32,3.95,-0.33,0.99,10.1,0
2025-03-29 18:51:22.135714,1.84,2.87,-0.76,-0.91,9.75,1
2025-03-29 18:51:23.135714,3.37,3.2,0.23,-0.61,9.58,0
2025-03-29 18:51:24.135714,2.61,4.26,0.81,-0.66,9.97,0
2025-03-29 18:51:25.135714,0.93,2.11,0.7,-0.28,10.21,1
2025-03-29 18:51:26.135714,1.22,1.13,-0.13,-0.6,9.82,1
2025-03-29 18:51:27.135714,4.14,2.47,-0.65,0.97,10.37,0
2025-03-29 18:51:28.135714,4.68,3.01,0.12,-0.03,9.96,0
2025-03-29 18:51:29.135714,2.8,2.16,0.32,-0.4,10.15,0
2025-03-29 18:51:30.135714,2.9,3.4,0.25,0.62,9.9,0
2025-03-29 18:51:31.135714,4.64,4.99,-0.24,0.19,9.53,0
2025-03-29 18:51:32.135714,4.42,2.98,-0.46,0.74,9.85,0
2025-03-29 18:51:33.135714,1.85,3.55,-0.01,-0.99,10.49,1
2025-03-29 18:51:34.135714,1.32,1.24,0.17,-0.85,9.9,1
2025-03-29 18:51:35.135714,3.89,3.24,-0.46,-0.07,10.1,0
2025-03-29 18:51:36.135714,2.79,5.0,-0.39,0.74,10.34,0
2025-03-29 18:51:37.135714,2.81,2.72,-0.9,-0.1,9.76,0
2025-03-29 18:51:38.135714,2.98,3.13,-0.01,0.96,10.47,0
2025-03-29 18:51:39.135714,1.3,4.38,0.75,-0.85,10.37,1
2025-03-29 18:51:40.135714,4.99,3.8,-0.62,-0.43,9.85,0
2025-03-29 18:51:41.135714,4.1,2.64,-0.46,0.69,10.39,0
2025-03-29 18:51:42.135714,3.82,2.18,0.41,-0.62,10.13,0
2025-03-29 18:51:43.135714,1.33,1.23,0.54,0.42,9.65,1
2025-03-29 18:51:44.135714,3.26,4.49,-0.0,-0.91,9.73,0
2025-03-29 18:51:45.135714,4.93,2.05,0.36,0.7,10.04,0
2025-03-29 18:51:46.135714,1.6,1.92,0.23,0.51,10.05,1
2025-03-29 18:51:47.135714,3.84,3.27,-0.53,0.2,9.84,0
2025-03-29 18:51:48.135714,1.58,3.81,0.46,0.14,10.3,1
2025-03-29 18:51:49.135714,3.67,2.61,0.32,-0.45,9.66,0
2025-03-29 18:51:50.135714,3.41,4.28,0.74,0.85,9.59,0
2025-03-29 18:51:51.135714,3.56,1.19,0.61,0.84,10.21,1
2025-03-29 18:51:52.135714,2.37,1.0,-0.64,-0.32,10.42,1
2025-03-29 18:51:53.135714,1.93,1.54,0.94,-0.43,9.69,1
2025-03-29 18:51:54.135714,1.7,1.05,-0.39,-0.88,9.88,1
2025-03-29 18:51:55.135714,1.87,4.79,0.42,-0.03,10.4,1
2025-03-29 18:51:56.135714,4.81,2.25,0.75,-0.21,9.74,0
2025-03-29 18:51:57.135714,0.8,4.41,-0.04,-0.7,10.35,1
2025-03-29 18:51:58.135714,1.43,1.56,-0.83,0.78,10.3,1
2025-03-29 18:51:59.135714,3.3,2.76,0.61,0.67,10.09,0
2025-03-29 18:52:00.135714,4.72,4.88,-0.63,0.41,10.01,0
2025-03-29 18:52:01.135714,0.9,2.58,-0.53,0.17,10.48,1
2025-03-29 18:52:02.135714,4.28,1.7,0.44,-0.44,10.08,1
2025-03-29 18:52:03.135714,0.57,4.01,0.37,-0.53,10.27,1
2025-03-29 18:52:04.135714,1.62,0.86,-0.43,-0.67,10.14,1
2025-03-29 18:52:05.135714,3.76,1.67,-0.16,-0.64,9.69,1
2025-03-29 18:52:06.135714,1.87,2.18,-0.41,0.08,9.79,1
2025-03-29 18:52:07.135714,2.7,3.34,0.41,-0.61,10.47,0
2025-03-29 18:52:08.135714,4.51,2.1,-0.52,-0.92,9.51,0
2025-03-29 18:52:09.135714,0.95,0.82,-0.71,-0.98,10.33,1
2025-03-29 18:52:10.135714,2.51,4.25,-0.89,0.8,10.08,0
2025-03-29 18:52:11.135714,3.08,3.09,-0.64,0.91,10.33,0
2025-03-29 18:52:12.135714,3.96,2.88,-0.85,-0.9,9.98,0
2025-03-29 18:52:13.135714,4.33,4.92,-0.97,-0.68,10.47,0
2025-03-29 18:52:14.135714,3.12,2.3,0.5,-0.88,9.87,0
2025-03-29 18:52:15.135714,0.83,3.4,-0.72,0.73,10.12,1
2025-03-29 18:52:16.135714,1.65,4.02,-0.12,-0.1,10.31,1
2025-03-29 18:52:17.135714,4.5,1.57,0.42,-0.04,9.74,1
2025-03-29 18:52:18.135714,4.35,3.81,0.26,0.03,9.81,0
2025-03-29 18:52:19.135714,3.24,1.51,-0.88,-0.09,9.69,1
2025-03-29 18:52:20.135714,2.0,1.82,-0.25,-0.82,9.91,1
2025-03-29 18:52:21.135714,0.61,4.14,-0.21,0.3,9.81,1
2025-03-29 18:52:22.135714,3.95,3.03,0.53,-0.08,10.39,0
2025-03-29 18:52:23.135714,2.76,3.9,-0.59,0.69,9.88,0
2025-03-29 18:52:24.135714,0.91,4.06,0.12,-0.32,9.67,1
2025-03-29 18:52:25.135714,4.97,2.09,0.27,-0.45,9.93,0
2025-03-29 18:52:26.135714,3.55,4.4,-0.79,-0.55,9.54,0
2025-03-29 18:52:27.135714,2.54,1.23,0.12,-0.26,9.78,1
2025-03-29 18:52:28.135714,4.44,0.66,-0.09,0.66,9.67,1
2025-03-29 18:52:29.135714,2.32,3.79,0.04,-0.29,9.97,0
2025-03-29 18:52:30.135714,2.23,2.44,-0.36,0.78,9.87,0
2025-03-29 18:52:31.135714,4.68,0.88,0.85,0.55,9.81,1
2025-03-29 18:52:32.135714,3.25,1.25,-0.64,-0.99,10.43,1
2025-03-29 18:52:33.135714,2.62,2.83,-0.01,0.68,10.12,0
2025-03-29 18:52:34.135714,3.68,1.75,-0.76,0.74,9.6,1
2025-03-29 18:52:35.135714,3.83,4.67,0.43,-0.28,10.1,0
2025-03-29 18:52:36.135714,3.54,2.27,0.16,-0.2,10.3,0
2025-03-29 18:52:37.135714,2.7,1.5,-0.68,0.11,10.29,1
2025-03-29 18:52:38.135714,3.71,4.11,0.44,-0.02,10.33,0
2025-03-29 18:52:39.135714,0.83,2.0,-0.72,-0.51,10.03,1
2025-03-29 18:52:40.135714,0.76,1.89,0.87,0.28,10.05,1
2025-03-29 18:52:41.135714,1.92,1.41,0.11,-0.07,9.9,1
2025-03-29 18:52:42.135714,1.03,0.65,0.23,-0.18,9.92,1
2025-03-29 18:52:43.135714,2.78,4.38,0.85,0.04,9.7,0
2025-03-29 18:52:44.135714,4.6,4.38,0.05,0.85,10.03,0
2025-03-29 18:52:45.135714,3.61,2.44,-0.14,-0.04,10.46,0
2025-03-29 18:52:46.135714,0.81,0.67,0.15,-0.59,9.82,1
2025-03-29 18:52:47.135714,3.76,2.85,0.83,-0.98,10.38,0
2025-03-29 18:52:48.135714,4.27,4.82,-0.5,-0.1,10.48,0
2025-03-29 18:52:49.135714,1.65,0.68,0.77,-0.13,10.07,1
2025-03-29 18:52:50.135714,2.25,4.79,0.18,-0.65,10.2,0
2025-03-29 18:52:51.135714,2.55,3.92,0.71,-0.71,10.39,0
2025-03-29 18:52:52.135714,3.97,0.54,-0.37,-0.74,10.03,1
2025-03-29 18:52:53.135714,2.41,3.8,0.45,0.34,10.31,0
2025-03-29 18:52:54.135714,3.32,0.6,-0.61,-0.26,10.02,1
2025-03-29 18:52:55.135714,3.23,1.8,-0.7,0.48,9.61,1
2025-03-29 18:52:56.135714,2.99,2.45,-0.53,0.53,10.12,0
2025-03-29 18:52:57.135714,4.69,2.06,0.93,0.94,10.23,0
2025-03-29 18:52:58.135714,4.2,0.78,-0.81,-0.44,10.24,1
2025-03-29 18:52:59.135714,0.68,1.84,-0.53,-0.75,10.28,1
2025-03-29 18:53:00.135714,4.82,4.02,0.06,-0.8,10.42,0
2025-03-29 18:53:01.135714,4.89,3.88,-0.24,0.44,9.94,0
2025-03-29 18:53:02.135714,4.83,3.77,0.77,-0.99,10.14,0
2025-03-29 18:53:03.135714,3.44,2.33,0.39,0.74,10.45,0
2025-03-29 18:53:04.135714,1.18,4.68,-0.24,0.17,9.63,1
2025-03-29 18:53:05.135714,2.04,4.92,-0.47,-0.89,9.92,0
2025-03-29 18:53:06.135714,2.29,3.13,0.1,0.43,10.34,0
2025-03-29 18:53:07.135714,4.6,3.23,-0.9,-0.42,10.33,0
2025-03-29 18:53:08.135714,1.36,0.99,-0.43,-0.79,9.95,1
2025-03-29 18:53:09.135714,0.84,1.05,0.53,0.73,10.12,1
2025-03-29 18:53:10.135714,0.94,2.42,0.06,-0.22,9.66,1
2025-03-29 18:53:11.135714,2.73,1.13,-0.54,-0.81,9.8,1
2025-03-29 18:53:12.135714,4.47,3.86,0.95,-0.49,9.89,0
2025-03-29 18:53:13.135714,2.46,0.91,-0.17,-0.01,10.14,1
2025-03-29 18:53:14.135714,2.93,3.03,-0.76,0.27,10.22,0
2025-03-29 18:53:15.135714,1.15,0.94,0.48,0.24,9.66,1
2025-03-29 18:53:16.135714,1.35,3.66,-0.89,-0.47,9.9,1
2025-03-29 18:53:17.135714,4.29,0.85,0.44,-0.28,9.84,1
2025-03-29 18:53:18.135714,1.35,2.3,0.59,0.46,10.15,1
2025-03-29 18:53:19.135714,2.39,4.1,-0.8,-0.05,9.86,0
2025-03-29 18:53:20.135714,3.57,2.49,-0.06,-0.01,9.92,0
2025-03-29 18:53:21.135714,3.21,0.69,0.49,0.53,9.8,1
2025-03-29 18:53:22.135714,2.04,2.54,-0.53,0.08,9.84,0
2025-03-29 18:53:23.135714,1.6,0.84,-0.83,-0.93,10.19,1
2025-03-29 18:53:24.135714,1.66,0.7,-0.55,0.6,9.98,1
2025-03-29 18:53:25.135714,4.88,3.77,0.25,-0.19,10.15,0
2025-03-29 18:53:26.135714,0.96,4.01,-0.45,0.74,10.3,1
2025-03-29 18:53:27.135714,1.05,0.51,-0.81,-0.8,10.48,1
2025-03-29 18:53:28.135714,4.31,2.85,-0.45,-0.26,9.67,0
2025-03-29 18:53:29.135714,1.27,4.93,-0.95,-0.8,9.7,1
2025-03-29 18:53:30.135714,4.76,3.02,-0.03,-0.34,9.54,0
2025-03-29 18:53:31.135714,4.0,2.03,0.72,0.9,9.6,0
2025-03-29 18:53:32.135714,2.88,0.76,0.18,0.03,10.34,1
2025-03-29 18:53:33.135714,2.6,4.88,-0.96,0.73,10.06,0
2025-03-29 18:53:34.135714,4.9,3.27,-0.8,0.9,9.72,0
2025-03-29 18:53:35.135714,3.44,4.32,0.36,-0.87,10.24,0
2025-03-29 18:53:36.135714,3.17,0.58,-0.67,-0.42,10.49,1
2025-03-29 18:53:37.135714,1.86,1.26,-0.1,0.49,9.99,1
2025-03-29 18:53:38.135714,2.15,3.64,0.14,-0.67,9.95,0
2025-03-29 18:53:39.135714,1.47,3.56,0.63,-0.46,9.55,1
2025-03-29 18:53:40.135714,2.39,4.5,-0.42,-0.48,9.81,0
2025-03-29 18:53:41.135714,2.31,3.13,0.45,-0.64,10.24,0
2025-03-29 18:53:42.135714,4.87,4.94,0.41,-0.28,10.47,0
2025-03-29 18:53:43.135714,1.99,4.01,0.32,-0.36,10.21,1
2025-03-29 18:53:44.135714,1.88,3.62,-0.96,0.75,9.83,1
2025-03-29 18:53:45.135714,1.74,4.53,0.65,0.87,10.47,1
2025-03-29 18:53:46.135714,4.46,1.59,-0.79,0.94,10.41,1
2025-03-29 18:53:47.135714,0.79,1.09,0.22,-0.12,10.38,1
2025-03-29 18:53:48.135714,2.3,3.36,-0.91,0.56,10.32,0
2025-03-29 18:53:49.135714,4.95,1.54,0.73,-0.05,10.22,1
2025-03-29 18:53:50.135714,0.79,4.71,0.29,0.57,10.21,1
2025-03-29 18:53:51.135714,2.94,2.48,0.63,-0.92,9.84,0
2025-03-29 18:53:52.135714,3.64,3.71,-0.23,-0.68,9.89,0
2025-03-29 18:53:53.135714,2.09,0.51,-0.66,-0.51,9.7,1
2025-03-29 18:53:54.135714,4.87,2.41,-0.68,-0.7,9.75,0
2025-03-29 18:53:55.135714,1.46,2.37,-0.82,0.68,9.73,1
2025-03-29 18:53:56.135714,1.24,3.03,0.42,0.14,9.79,1
2025-03-29 18:53:57.135714,1.58,1.34,-0.14,-0.72,10.37,1
2025-03-29 18:53:58.135714,2.85,4.76,0.35,0.07,10.36,0
2025-03-29 18:53:59.135714,3.86,3.12,0.19,0.38,9.71,0
2025-03-29 18:54:00.135714,1.4,2.33,0.09,-0.49,10.19,1
2025-03-29 18:54:01.135714,4.05,2.73,0.57,-0.4,10.07,0
2025-03-29 18:54:02.135714,1.47,4.82,-0.28,0.49,10.39,1
2025-03-29 18:54:03.135714,2.13,1.68,-0.76,0.57,9.61,1
2025-03-29 18:54:04.135714,3.99,4.21,-0.83,-0.66,10.34,0
2025-03-29 18:54:05.135714,3.98,0.95,-0.98,-0.03,10.13,1
2025-03-29 18:54:06.135714,3.29,4.85,-0.91,-0.7,9.64,0
2025-03-29 18:54:07.135714,1.43,1.45,-0.46,-0.14,9.91,1
2025-03-29 18:54:08.135714,3.11,3.13,-0.39,0.09,9.89,0
2025-03-29 18:54:09.135714,2.83,0.78,-0.95,-0.86,9.73,1
2025-03-29 18:54:10.135714,1.09,3.64,0.14,-0.73,9.9,1
2025-03-29 18:54:11.135714,4.55,0.77,-0.97,-0.85,9.67,1
2025-03-29 18:54:12.135714,1.72,3.74,-0.41,0.3,9.62,1
2025-03-29 18:54:13.135714,1.56,0.94,0.44,0.58,10.43,1
2025-03-29 18:54:14.135714,3.55,3.61,0.82,-0.22,10.13,0
2025-03-29 18:54:15.135714,1.8,2.5,-0.35,-0.32,10.37,1
2025-03-29 18:54:16.135714,0.58,0.65,0.07,0.78,10.46,1
2025-03-29 18:54:17.135714,2.78,2.92,0.81,0.16,10.37,0
2025-03-29 18:54:18.135714,3.73,2.15,-0.72,0.62,9.94,0
2025-03-29 18:54:19.135714,3.94,2.19,0.02,0.78,10.1,0
2025-03-29 18:54:20.135714,4.94,3.01,0.25,0.68,9.51,0
2025-03-29 18:54:21.135714,3.97,2.83,0.88,0.64,9.88,0
2025-03-29 18:54:22.135714,0.62,1.09,-0.47,0.35,10.3,1
2025-03-29 18:54:23.135714,4.22,1.19,-0.04,-0.26,9.53,1
2025-03-29 18:54:24.135714,4.8,2.57,-0.51,-0.11,10.0,0
2025-03-29 18:54:25.135714,2.37,3.54,0.38,-0.95,9.57,0
2025-03-29 18:54:26.135714,2.28,2.76,-0.92,-0.71,10.29,0
2025-03-29 18:54:27.135714,4.62,2.59,0.63,-0.85,9.72,0
2025-03-29 18:54:28.135714,4.57,3.76,-0.73,0.55,10.11,0
2025-03-29 18:54:29.135714,2.42,3.33,-0.22,-0.42,10.27,0
2025-03-29 18:54:30.135714,4.12,1.38,-0.92,-0.33,10.22,1
2025-03-29 18:54:31.135714,1.16,4.09,-0.56,0.42,10.35,1
2025-03-29 18:54:32.135714,0.76,4.46,0.47,0.21,10.15,1
2025-03-29 18:54:33.135714,4.32,1.07,0.78,-0.34,10.42,1
2025-03-29 18:54:34.135714,3.89,0.74,0.35,-0.4,10.46,1
2025-03-29 18:54:35.135714,2.79,2.98,-0.41,-0.22,9.7,0
2025-03-29 18:54:36.135714,4.55,4.16,0.53,-0.61,9.73,0
2025-03-29 18:54:37.135714,0.9,3.06,0.64,-0.22,9.58,1
2025-03-29 18:54:38.135714,2.44,1.14,0.26,-0.9,9.93,1
2025-03-29 18:54:39.135714,0.78,0.92,-0.3,-0.94,9.6,1
2025-03-29 18:54:40.135714,3.5,4.35,-0.35,-0.79,10.06,0
2025-03-29 18:54:41.135714,0.7,3.7,-0.63,-0.23,9.56,1
2025-03-29 18:54:42.135714,4.69,4.95,-0.61,0.03,9.59,0
2025-03-29 18:54:43.135714,4.6,2.47,0.77,-0.09,9.94,0
2025-03-29 18:54:44.135714,2.04,3.48,0.82,-0.3,10.34,0
2025-03-29 18:54:45.135714,1.47,0.98,-0.54,0.53,9.71,1
2025-03-29 18:54:46.135714,4.39,2.46,-0.66,0.89,9.51,0
2025-03-29 18:54:47.135714,0.94,3.1,0.07,0.23,9.83,1
2025-03-29 18:54:48.135714,0.78,4.49,-0.62,0.87,9.75,1
2025-03-29 18:54:49.135714,2.35,1.16,-0.27,0.73,9.58,1
2025-03-29 18:54:50.135714,4.81,3.56,-0.37,-0.84,9.61,0
2025-03-29 18:54:51.135714,1.91,2.92,-0.87,-0.8,10.12,1
2025-03-29 18:54:52.135714,0.65,2.96,-0.3,-0.1,10.03,1
2025-03-29 18:54:53.135714,4.83,2.12,-0.61,0.87,9.52,0
2025-03-29 18:54:54.135714,2.28,4.23,-0.68,0.39,10.19,0
2025-03-29 18:54:55.135714,2.78,3.4,-0.93,0.84,10.15,0
2025-03-29 18:54:56.135714,0.61,2.71,-0.52,-0.92,10.15,1
2025-03-29 18:54:57.135714,0.95,3.08,0.74,-0.0,9.8,1
2025-03-29 18:54:58.135714,1.09,2.85,0.68,-0.92,10.14,1
2025-03-29 18:54:59.135714,1.9,2.99,-0.59,-0.73,9.74,1
2025-03-29 18:55:00.135714,1.31,3.56,-0.72,-0.3,10.15,1
2025-03-29 18:55:01.135714,2.32,1.98,0.95,0.17,9.72,1
2025-03-29 18:55:02.135714,4.41,1.86,0.67,0.2,9.67,1
2025-03-29 18:55:03.135714,2.51,2.8,-0.06,0.32,9.58,0
2025-03-29 18:55:04.135714,3.93,4.23,-0.29,0.55,9.83,0
2025-03-29 18:55:05.135714,3.64,2.88,-0.28,0.55,10.03,0
2025-03-29 18:55:06.135714,4.79,4.94,0.83,-0.15,9.92,0
2025-03-29 18:55:07.135714,0.82,4.46,-0.19,0.75,9.99,1
2025-03-29 18:55:08.135714,4.84,0.8,-0.73,0.59,9.74,1
2025-03-29 18:55:09.135714,2.69,1.17,-0.28,0.5,10.25,1
2025-03-29 18:55:10.135714,3.68,3.07,0.19,0.87,10.5,0
2025-03-29 18:55:11.135714,4.22,4.65,-0.61,-0.17,9.74,0
2025-03-29 18:55:12.135714,1.97,2.62,0.63,-0.92,9.83,1
2025-03-29 18:55:13.135714,1.59,3.83,-0.16,0.83,10.13,1
2025-03-29 18:55:14.135714,2.22,2.05,0.03,0.99,9.98,0
2025-03-29 18:55:15.135714,4.38,2.39,0.7,0.52,10.13,0
2025-03-29 18:55:16.135714,2.41,3.99,0.64,-0.93,10.34,0
2025-03-29 18:55:17.135714,2.82,0.65,-0.35,0.06,9.68,1
2025-03-29 18:55:18.135714,4.39,2.64,0.48,0.22,10.34,0
2025-03-29 18:55:19.135714,3.03,3.21,-0.6,-0.21,10.28,0
2025-03-29 18:55:20.135714,3.13,1.84,0.58,-0.04,9.62,1
2025-03-29 18:55:21.135714,4.74,1.9,-0.4,0.32,9.87,1
2025-03-29 18:55:22.135714,0.99,3.09,0.53,0.93,9.61,1
2025-03-29 18:55:23.135714,4.94,3.64,0.47,-0.61,9.66,0
2025-03-29 18:55:24.135714,0.52,4.35,0.48,-0.54,9.79,1
2025-03-29 18:55:25.135714,0.89,2.04,0.31,-0.93,10.18,1
2025-03-29 18:55:26.135714,2.87,4.04,0.75,-0.51,9.65,0
2025-03-29 18:55:27.135714,3.73,3.47,0.68,0.02,9.6,0
2025-03-29 18:55:28.135714,3.74,4.18,0.95,0.22,9.86,0
2025-03-29 18:55:29.135714,1.81,2.76,0.6,-0.75,10.06,1
2025-03-29 18:55:30.135714,1.28,0.79,0.48,0.86,9.58,1
2025-03-29 18:55:31.135714,4.5,4.94,0.61,-0.04,10.14,0
2025-03-29 18:55:32.135714,3.84,3.18,-0.33,0.12,10.31,0
2025-03-29 18:55:33.135714,3.19,2.9,-0.6,0.58,10.34,0
2025-03-29 18:55:34.135714,4.91,2.65,0.02,-0.13,9.97,0
2025-03-29 18:55:35.135714,3.58,2.25,-0.88,0.41,10.24,0
2025-03-29 18:55:36.135714,3.6,4.17,-0.59,0.74,10.2,0
2025-03-29 18:55:37.135714,2.96,3.92,0.82,0.24,9.82,0
2025-03-29 18:55:38.135714,1.55,0.58,0.47,0.44,9.91,1
2025-03-29 18:55:39.135714,3.18,3.3,0.12,0.02,9.58,0
2025-03-29 18:55:40.135714,1.14,2.04,-0.79,0.28,9.84,1
2025-03-29 18:55:41.135714,2.88,1.26,-0.12,0.08,9.67,1
2025-03-29 18:55:42.135714,4.28,2.61,-0.48,-0.54,9.76,0
2025-03-29 18:55:43.135714,1.38,1.41,0.99,-0.19,9.96,1
2025-03-29 18:55:44.135714,4.94,4.09,-0.63,0.39,10.29,0
2025-03-29 18:55:45.135714,4.32,4.67,-0.24,-0.78,9.69,0
2025-03-29 18:55:46.135714,2.78,1.27,0.06,0.4,10.15,1
2025-03-29 18:55:47.135714,4.0,4.47,0.82,0.27,9.66,0
2025-03-29 18:55:48.135714,1.16,0.98,-0.48,-0.89,9.65,1
2025-03-29 18:55:49.135714,1.81,1.9,0.73,0.39,9.54,1
2025-03-29 18:55:50.135714,3.04,2.52,0.85,-0.26,10.4,0
2025-03-29 18:55:51.135714,2.62,0.72,0.2,0.66,9.85,1
2025-03-29 18:55:52.135714,4.39,1.39,-0.99,-0.85,9.76,1
2025-03-29 18:55:53.135714,4.81,1.23,0.21,0.74,9.94,1
2025-03-29 18:55:54.135714,4.54,3.37,0.58,0.03,9.75,0
2025-03-29 18:55:55.135714,4.55,2.73,0.85,-0.18,9.64,0
2025-03-29 18:55:56.135714,1.25,2.47,-0.77,0.14,10.17,1
2025-03-29 18:55:57.135714,0.89,4.03,0.65,0.12,10.49,1
2025-03-29 18:55:58.135714,3.36,4.91,0.58,-0.7,10.05,0
2025-03-29 18:55:59.135714,1.52,2.67,-0.13,-0.09,9.68,1
2025-03-29 18:56:00.135714,1.89,2.53,0.58,-0.12,9.87,1
2025-03-29 18:56:01.135714,4.95,0.57,0.57,0.53,10.38,1
2025-03-29 18:56:02.135714,2.93,3.14,0.88,-0.53,10.2,0
2025-03-29 18:56:03.135714,0.87,2.12,-0.13,0.57,9.91,1
2025-03-29 18:56:04.135714,3.59,1.23,0.22,-0.18,10.09,1
2025-03-29 18:56:05.135714,4.85,0.96,-0.91,0.97,9.74,1
2025-03-29 18:56:06.135714,2.36,1.59,-0.87,0.22,9.81,1
2025-03-29 18:56:07.135714,2.05,1.27,-0.02,0.84,9.84,1
2025-03-29 18:56:08.135714,1.76,1.39,-0.73,-0.47,10.15,1
2025-03-29 18:56:09.135714,4.61,2.97,0.99,0.69,9.83,0
2025-03-29 18:56:10.135714,1.57,4.7,0.09,-0.36,10.07,1
2025-03-29 18:56:11.135714,4.46,3.47,0.97,-0.97,10.39,0
2025-03-29 18:56:12.135714,3.08,1.68,-0.54,-0.19,10.17,1
2025-03-29 18:56:13.135714,3.97,2.31,0.85,-0.75,10.21,0
2025-03-29 18:56:14.135714,1.05,1.21,0.28,-0.65,10.24,1
2025-03-29 18:56:15.135714,1.62,3.21,-0.41,0.17,9.83,1
2025-03-29 18:56:16.135714,2.52,0.89,0.97,0.67,10.36,1
2025-03-29 18:56:17.135714,4.62,1.38,0.25,-0.96,9.79,1
2025-03-29 18:56:18.135714,1.42,1.09,-0.35,0.54,9.8,1
2025-03-29 18:56:19.135714,1.66,1.31,0.57,-0.32,9.81,1
2025-03-29 18:56:20.135714,3.21,4.47,-0.74,-0.4,10.12,0
2025-03-29 18:56:21.135714,1.31,3.66,0.27,0.16,9.62,1
2025-03-29 18:56:22.135714,1.13,0.64,0.86,0.08,9.64,1
2025-03-29 18:56:23.135714,4.28,2.64,-0.19,0.65,9.52,0
2025-03-29 18:56:24.135714,4.18,0.86,0.22,0.82,10.28,1
2025-03-29 18:56:25.135714,3.05,1.67,0.59,0.13,9.83,1
2025-03-29 18:56:26.135714,3.2,0.6,0.4,0.26,10.03,1
2025-03-29 18:56:27.135714,3.36,0.99,0.32,-0.82,9.71,1
2025-03-29 18:56:28.135714,3.69,0.84,-0.79,0.05,10.34,1
2025-03-29 18:56:29.135714,0.64,1.55,0.53,0.43,10.21,1
2025-03-29 18:56:30.135714,2.45,0.58,-0.94,0.83,9.86,1
2025-03-29 18:56:31.135714,1.38,0.96,0.21,-0.12,10.06,1
2025-03-29 18:56:32.135714,3.53,4.8,0.79,-0.72,9.93,0
2025-03-29 18:56:33.135714,2.18,3.01,-0.56,0.74,10.44,0
2025-03-29 18:56:34.135714,3.67,0.58,0.11,-1.0,10.45,1
2025-03-29 18:56:35.135714,3.53,1.07,-0.64,-0.21,9.98,1
2025-03-29 18:56:36.135714,4.03,2.4,0.72,-0.39,10.48,0
2025-03-29 18:56:37.135714,1.08,3.69,-0.52,-0.74,9.96,1
2025-03-29 18:56:38.135714,0.52,4.6,0.21,-0.51,10.22,1
2025-03-29 18:56:39.135714,2.24,3.12,-0.9,-0.64,10.03,0
2025-03-29 18:56:40.135714,4.18,1.98,0.76,-0.13,9.84,1
2025-03-29 18:56:41.135714,3.49,2.73,-0.35,0.26,9.58,0
2025-03-29 18:56:42.135714,3.98,4.39,-0.2,-0.54,9.92,0
2025-03-29 18:56:43.135714,4.87,3.18,0.14,0.99,9.54,0
2025-03-29 18:56:44.135714,2.76,1.52,0.18,0.15,9.75,1
2025-03-29 18:56:45.135714,1.77,2.48,0.38,0.74,9.54,1
2025-03-29 18:56:46.135714,3.18,1.97,-0.93,-0.85,9.68,1
2025-03-29 18:56:47.135714,3.44,3.24,-0.09,-0.03,10.45,0
2025-03-29 18:56:48.135714,1.6,2.56,0.38,-0.52,9.69,1
2025-03-29 18:56:49.135714,0.58,0.63,-0.51,-0.93,9.75,1
2025-03-29 18:56:50.135714,1.56,3.36,0.43,-0.99,10.33,1
2025-03-29 18:56:51.135714,0.68,0.73,0.29,0.42,10.05,1
2025-03-29 18:56:52.135714,4.44,3.83,-0.83,0.89,10.09,0
2025-03-29 18:56:53.135714,0.7,4.49,0.03,0.3,9.65,1
2025-03-29 18:56:54.135714,2.71,2.47,0.98,-0.15,9.71,0
2025-03-29 18:56:55.135714,4.41,0.96,-0.53,-0.12,10.0,1
2025-03-29 18:56:56.135714,4.22,2.44,-0.13,0.25,10.12,0
2025-03-29 18:56:57.135714,0.59,1.29,-0.01,0.12,9.76,1
2025-03-29 18:56:58.135714,1.99,4.75,-0.13,0.52,10.02,1
2025-03-29 18:56:59.135714,0.8,1.82,-0.77,0.39,10.28,1
2025-03-29 18:57:00.135714,1.76,1.84,0.65,-0.38,10.42,1
2025-03-29 18:57:01.135714,4.8,1.46,-0.34,-0.85,10.45,1
2025-03-29 18:57:02.135714,2.99,1.11,-0.59,-0.63,9.99,1
2025-03-29 18:57:03.135714,0.57,3.06,0.68,-0.97,9.88,1
2025-03-29 18:57:04.135714,1.19,2.9,-0.61,-0.04,9.6,1
2025-03-29 18:57:05.135714,2.93,0.56,-0.81,0.25,10.34,1
2025-03-29 18:57:06.135714,4.94,3.08,0.6,-0.47,10.27,0
2025-03-29 18:57:07.135714,4.05,3.52,-0.71,-0.89,9.84,0
2025-03-29 18:57:08.135714,3.01,1.5,0.73,0.88,10.12,1
2025-03-29 18:57:09.135714,2.81,3.16,0.52,0.78,10.19,0
2025-03-29 18:57:10.135714,4.68,1.25,-0.84,-0.53,9.8,1
2025-03-29 18:57:11.135714,4.28,3.62,-0.07,0.35,10.38,0
2025-03-29 18:57:12.135714,4.51,1.62,-0.44,-0.41,10.02,1
2025-03-29 18:57:13.135714,2.24,1.51,-0.64,-0.09,10.19,1
2025-03-29 18:57:14.135714,4.01,3.39,-0.52,0.04,10.13,0
2025-03-29 18:57:15.135714,2.9,3.53,0.34,-0.92,9.72,0
2025-03-29 18:57:16.135714,1.4,1.61,-0.32,0.82,9.87,1
2025-03-29 18:57:17.135714,4.09,0.8,0.01,-0.66,9.82,1
2025-03-29 18:57:18.135714,2.57,4.62,-0.62,-0.24,9.74,0
2025-03-29 18:57:19.135714,2.79,4.51,-0.82,0.59,10.09,0
2025-03-29 18:57:20.135714,3.84,4.9,0.3,0.31,10.13,0
2025-03-29 18:57:21.135714,1.34,1.42,0.3,-0.44,9.86,1
2025-03-29 18:57:22.135714,3.23,2.34,0.1,-0.08,9.85,0
2025-03-29 18:57:23.135714,4.82,2.59,0.91,0.3,9.94,0
2025-03-29 18:57:24.135714,3.08,3.79,0.39,-0.93,9.76,0
2025-03-29 18:57:25.135714,2.73,3.61,0.71,0.08,10.0,0
2025-03-29 18:57:26.135714,3.05,2.57,0.61,0.44,10.24,0
2025-03-29 18:57:27.135714,0.7,1.21,-1.0,-0.52,9.78,1
2025-03-29 18:57:28.135714,1.62,0.91,0.18,-0.63,9.91,1
2025-03-29 18:57:29.135714,3.17,2.2,-0.15,0.98,9.59,0
2025-03-29 18:57:30.135714,0.66,4.88,-0.55,0.64,9.82,1
2025-03-29 18:57:31.135714,3.89,4.76,0.53,-0.94,9.85,0
2025-03-29 18:57:32.135714,2.04,0.83,0.93,0.61,10.37,1
2025-03-29 18:57:33.135714,3.74,3.73,-0.47,0.4,10.37,0
2025-03-29 18:57:34.135714,1.02,1.17,0.26,0.46,10.2,1
2025-03-29 18:57:35.135714,2.83,0.57,-0.75,0.24,10.48,1
2025-03-29 18:57:36.135714,1.94,4.97,-0.03,-0.58,10.11,1
2025-03-29 18:57:37.135714,3.45,0.81,0.54,-0.24,9.94,1
2025-03-29 18:57:38.135714,3.16,0.69,-0.27,0.73,10.39,1
2025-03-29 18:57:39.135714,2.49,0.89,0.77,0.59,10.36,1
2025-03-29 18:57:40.135714,1.36,4.39,-0.8,0.69,10.05,1
2025-03-29 18:57:41.135714,4.84,2.74,0.66,0.75,10.27,0
2025-03-29 18:57:42.135714,2.77,2.28,-0.21,-0.75,9.74,0
2025-03-29 18:57:43.135714,2.36,2.89,0.86,0.48,9.59,0
2025-03-29 18:57:44.135714,3.85,4.22,0.39,0.87,10.39,0
2025-03-29 18:57:45.135714,2.47,1.05,0.25,-0.52,10.06,1
2025-03-29 18:57:46.135714,2.9,3.84,0.56,-0.88,10.34,0
2025-03-29 18:57:47.135714,1.93,1.86,0.54,-0.66,10.32,1
2025-03-29 18:57:48.135714,2.63,0.94,-0.56,0.56,9.79,1
2025-03-29 18:57:49.135714,1.47,2.45,0.9,-0.41,9.64,1
2025-03-29 18:57:50.135714,1.38,0.62,0.38,0.55,10.03,1
2025-03-29 18:57:51.135714,1.03,3.28,0.95,0.81,9.86,1
2025-03-29 18:57:52.135714,2.95,3.42,-0.81,-0.06,10.12,0
2025-03-29 18:57:53.135714,0.5,4.58,-0.92,-0.08,10.23,1
2025-03-29 18:57:54.135714,1.43,3.54,-0.57,-0.88,10.3,1
2025-03-29 18:57:55.135714,0.61,4.85,-0.07,-0.68,9.98,1
2025-03-29 18:57:56.135714,2.55,3.93,0.79,0.69,10.12,0
2025-03-29 18:57:57.135714,1.69,0.96,0.8,0.2,9.72,1
2025-03-29 18:57:58.135714,1.09,2.62,0.44,-0.69,9.85,1
2025-03-29 18:57:59.135714,4.31,2.67,-0.3,0.76,9.83,0
2025-03-29 18:58:00.135714,1.28,1.37,0.24,0.79,9.85,1
2025-03-29 18:58:01.135714,3.73,4.44,-0.46,-0.27,9.71,0
2025-03-29 18:58:02.135714,1.38,2.89,0.9,0.2,10.23,1
2025-03-29 18:58:03.135714,0.72,3.32,-0.37,0.09,9.74,1
2025-03-29 18:58:04.135714,2.17,4.84,-0.42,-0.51,9.63,0
2025-03-29 18:58:05.135714,3.66,4.6,0.3,-0.29,10.25,0
2025-03-29 18:58:06.135714,3.53,1.53,0.51,0.34,10.45,1
2025-03-29 18:58:07.135714,2.33,4.57,0.08,-0.92,9.8,0
2025-03-29 18:58:08.135714,3.99,4.17,-1.0,-0.26,10.35,0
2025-03-29 18:58:09.135714,3.64,0.51,0.41,-0.02,9.76,1
2025-03-29 18:58:10.135714,3.8,1.29,-0.34,-0.64,10.4,1
2025-03-29 18:58:11.135714,1.08,2.36,0.22,-0.54,10.47,1
2025-03-29 18:58:12.135714,4.51,4.16,-0.97,0.59,10.01,0
2025-03-29 18:58:13.135714,1.14,4.32,0.22,-0.55,10.32,1
2025-03-29 18:58:14.135714,3.77,4.43,-0.01,-0.77,9.8,0
2025-03-29 18:58:15.135714,4.06,4.15,-0.22,0.38,10.2,0
2025-03-29 18:58:16.135714,1.28,3.03,0.18,0.88,9.89,1
2025-03-29 18:58:17.135714,2.57,3.19,0.83,0.03,9.94,0
2025-03-29 18:58:18.135714,1.3,3.8,-0.1,-0.93,10.03,1
2025-03-29 18:58:19.135714,1.97,2.1,0.96,-0.78,10.33,1
2025-03-29 18:58:20.135714,2.96,1.89,-0.73,0.52,10.43,1
2025-03-29 18:58:21.135714,1.49,2.34,-0.04,1.0,10.03,1
2025-03-29 18:58:22.135714,4.53,1.32,0.75,0.86,10.32,1
2025-03-29 18:58:23.135714,2.62,4.09,-0.25,-0.27,9.72,0
2025-03-29 18:58:24.135714,0.96,3.72,-0.62,-0.91,10.1,1
2025-03-29 18:58:25.135714,4.02,4.59,0.87,-0.86,10.14,0
2025-03-29 18:58:26.135714,0.67,3.43,-0.81,0.54,10.06,1
2025-03-29 18:58:27.135714,3.22,2.73,-0.6,0.8,9.82,0
2025-03-29 18:58:28.135714,1.8,4.39,-0.5,-0.18,9.78,1
2025-03-29 18:58:29.135714,4.82,3.2,-0.74,0.83,9.84,0
2025-03-29 18:58:30.135714,1.05,2.09,-0.27,0.71,10.08,1
2025-03-29 18:58:31.135714,3.07,1.62,0.77,0.21,9.6,1
2025-03-29 18:58:32.135714,1.02,1.93,-0.98,0.94,10.36,1
2025-03-29 18:58:33.135714,3.2,1.97,0.69,-0.08,10.19,1
2025-03-29 18:58:34.135714,4.69,2.42,-0.97,-0.65,9.54,0
2025-03-29 18:58:35.135714,3.88,2.48,0.95,-0.38,10.42,0
2025-03-29 18:58:36.135714,4.07,3.59,-0.68,-0.42,10.21,0
2025-03-29 18:58:37.135714,3.3,3.91,-0.94,-0.91,10.34,0
2025-03-29 18:58:38.135714,0.85,0.99,-0.11,-0.86,9.51,1
2025-03-29 18:58:39.135714,1.49,1.05,0.18,0.88,10.08,1
2025-03-29 18:58:40.135714,3.51,4.38,-0.31,-0.96,10.07,0
2025-03-29 18:58:41.135714,4.32,1.22,-0.97,0.03,10.44,1
2025-03-29 18:58:42.135714,2.6,4.4,-1.0,-0.93,10.19,0
2025-03-29 18:58:43.135714,2.62,2.85,0.43,0.49,9.65,0
2025-03-29 18:58:44.135714,0.83,4.28,0.31,0.97,10.36,1
2025-03-29 18:58:45.135714,3.62,2.06,0.88,-0.87,9.98,0
2025-03-29 18:58:46.135714,4.77,3.61,0.01,-0.43,9.56,0
2025-03-29 18:58:47.135714,3.09,1.73,0.16,0.14,10.46,1
2025-03-29 18:58:48.135714,0.75,3.31,-0.99,-0.59,10.37,1
2025-03-29 18:58:49.135714,1.76,4.34,0.86,0.71,10.29,1
2025-03-29 18:58:50.135714,1.64,0.71,-0.24,-0.94,10.04,1
2025-03-29 18:58:51.135714,3.35,0.97,-0.95,-0.22,9.82,1
2025-03-29 18:58:52.135714,4.6,3.92,-0.18,-0.2,10.47,0
2025-03-29 18:58:53.135714,4.81,4.24,-0.81,0.18,10.27,0
2025-03-29 18:58:54.135714,3.53,3.51,-0.21,-0.08,10.06,0
2025-03-29 18:58:55.135714,1.37,1.56,0.24,0.57,10.15,1
2025-03-29 18:58:56.135714,3.08,3.27,-0.64,0.01,9.78,0
2025-03-29 18:58:57.135714,2.11,4.81,0.22,0.17,9.56,0
2025-03-29 18:58:58.135714,3.34,4.17,-0.3,0.37,9.79,0
2025-03-29 18:58:59.135714,2.63,1.36,0.3,-0.01,9.97,1
2025-03-29 18:59:00.135714,3.14,4.53,0.96,-0.99,10.39,0
2025-03-29 18:59:01.135714,1.78,2.96,0.97,-0.2,9.8,1
2025-03-29 18:59:02.135714,2.48,0.99,-0.97,0.88,10.26,1
2025-03-29 18:59:03.135714,1.78,2.01,0.08,0.06,9.82,1
2025-03-29 18:59:04.135714,2.76,3.3,-0.19,0.55,9.64,0
2025-03-29 18:59:05.135714,1.81,3.56,0.23,0.6,10.39,1
2025-03-29 18:59:06.135714,3.06,0.9,0.97,-0.68,9.73,1
2025-03-29 18:59:07.135714,3.41,4.37,-0.87,-0.27,9.66,0
2025-03-29 18:59:08.135714,2.01,4.22,-0.51,0.99,10.35,0
2025-03-29 18:59:09.135714,2.1,4.67,0.37,0.91,9.82,0
2025-03-29 18:59:10.135714,2.26,4.56,0.49,0.33,9.72,0
2025-03-29 18:59:11.135714,0.73,3.04,0.87,-0.71,9.89,1
2025-03-29 18:59:12.135714,1.3,4.42,0.31,0.41,9.89,1
2025-03-29 18:59:13.135714,3.62,3.32,0.99,-0.69,9.83,0
2025-03-29 18:59:14.135714,4.82,4.09,-0.88,0.1,10.18,0
2025-03-29 18:59:15.135714,1.54,3.61,0.99,-0.28,9.76,1
2025-03-29 18:59:16.135714,2.44,3.58,0.82,-0.93,9.86,0
2025-03-29 18:59:17.135714,1.45,1.23,-0.25,-0.95,10.36,1
2025-03-29 18:59:18.135714,1.51,1.76,0.94,-0.98,10.35,1
2025-03-29 18:59:19.135714,2.93,0.67,-0.54,-0.59,10.29,1
2025-03-29 18:59:20.135714,3.25,0.96,0.54,0.88,9.7,1
2025-03-29 18:59:21.135714,3.48,4.41,0.27,-0.25,10.46,0
2025-03-29 18:59:22.135714,3.74,4.71,0.19,0.8,10.48,0
2025-03-29 18:59:23.135714,2.94,2.27,0.45,0.26,10.22,0
2025-03-29 18:59:24.135714,1.1,3.81,-0.26,-0.28,10.37,1
2025-03-29 18:59:25.135714,4.59,0.74,0.15,0.93,10.41,1
2025-03-29 18:59:26.135714,4.64,1.03,-0.17,-0.3,10.5,1
2025-03-29 18:59:27.135714,4.04,2.05,0.11,0.4,10.24,0
2025-03-29 18:59:28.135714,0.54,1.73,-0.82,-0.89,10.46,1
2025-03-29 18:59:29.135714,4.14,4.42,-0.31,0.34,9.79,0
2025-03-29 18:59:30.135714,0.92,0.51,-0.18,-0.02,10.48,1
2025-03-29 18:59:31.135714,1.15,3.3,0.71,-0.01,10.06,1
2025-03-29 18:59:32.135714,0.59,2.23,-0.05,-0.33,10.06,1
2025-03-29 18:59:33.135714,4.41,2.1,-0.23,-0.01,10.09,0
2025-03-29 18:59:34.135714,1.49,4.59,0.79,-0.78,10.49,1
2025-03-29 18:59:35.135714,1.3,1.77,-0.13,0.39,9.85,1
2025-03-29 18:59:36.135714,2.32,4.15,-0.43,0.71,9.97,0
2025-03-29 18:59:37.135714,3.82,3.44,-0.25,0.62,9.6,0
2025-03-29 18:59:38.135714,1.18,2.06,0.47,-0.28,10.46,1
2025-03-29 18:59:39.135714,0.97,2.81,-0.19,0.37,10.0,1
2025-03-29 18:59:40.135714,2.46,4.39,0.71,0.13,9.51,0
2025-03-29 18:59:41.135714,4.05,1.1,-0.99,0.17,10.14,1
2025-03-29 18:59:42.135714,2.74,2.78,-0.87,0.87,10.16,0
2025-03-29 18:59:43.135714,1.61,2.28,0.45,-0.44,9.66,1
2025-03-29 18:59:44.135714,1.41,0.55,-0.27,-0.57,9.63,1
2025-03-29 18:59:45.135714,0.71,3.06,-0.18,-0.01,10.12,1
2025-03-29 18:59:46.135714,4.18,3.99,-0.77,-0.6,9.53,0
2025-03-29 18:59:47.135714,0.52,1.18,-0.83,-0.06,10.08,1
2025-03-29 18:59:48.135714,3.56,4.7,0.63,-0.77,10.43,0
2025-03-29 18:59:49.135714,4.8,1.81,-0.96,-0.43,10.33,1
2025-03-29 18:59:50.135714,0.92,4.32,-0.8,0.39,9.79,1
2025-03-29 18:59:51.135714,1.0,0.72,0.75,-0.64,9.88,1
2025-03-29 18:59:52.135714,0.87,3.38,0.95,-0.04,10.16,1
2025-03-29 18:59:53.135714,2.88,0.76,0.5,0.3,9.8,1
2025-03-29 18:59:54.135714,4.76,1.08,-0.25,-0.06,9.97,1
2025-03-29 18:59:55.135714,1.93,3.28,0.12,0.86,9.92,1
2025-03-29 18:59:56.135714,2.85,4.23,-0.54,-0.16,9.62,0
2025-03-29 18:59:57.135714,3.56,2.3,0.92,-0.7,9.67,0
2025-03-29 18:59:58.135714,2.21,1.06,0.71,0.04,9.91,1
2025-03-29 18:59:59.135714,0.59,1.55,0.99,0.98,9.98,1
2025-03-29 19:00:00.135714,0.9,2.79,0.04,0.86,9.51,1
2025-03-29 19:00:01.135714,3.64,3.08,0.9,-0.55,9.72,0
2025-03-29 19:00:02.135714,3.26,4.82,-0.34,0.27,10.29,0
2025-03-29 19:00:03.135714,2.06,2.1,0.76,0.27,9.93,0
2025-03-29 19:00:04.135714,3.5,1.26,0.91,-0.33,10.03,1
2025-03-29 19:00:05.135714,3.55,4.37,0.61,-0.53,9.68,0
2025-03-29 19:00:06.135714,4.25,4.93,0.37,0.98,9.54,0
2025-03-29 19:00:07.135714,3.9,1.94,-0.28,0.83,10.09,1
2025-03-29 19:00:08.135714,1.68,2.12,-0.13,-0.13,9.88,1
2025-03-29 19:00:09.135714,3.27,1.93,0.29,-0.54,9.95,1
2025-03-29 19:00:10.135714,2.02,3.83,-0.25,-0.48,9.57,0
2025-03-29 19:00:11.135714,3.0,2.28,0.45,0.57,10.2,0
2025-03-29 19:00:12.135714,4.04,3.89,0.52,-0.91,10.38,0
2025-03-29 19:00:13.135714,1.27,3.67,0.87,-0.87,10.46,1
2025-03-29 19:00:14.135714,4.55,3.83,0.59,-0.14,10.44,0
2025-03-29 19:00:15.135714,4.41,1.64,-0.3,-0.33,10.07,1
2025-03-29 19:00:16.135714,1.27,2.13,-0.83,0.33,9.6,1
2025-03-29 19:00:17.135714,3.42,1.74,-0.76,-0.86,10.05,1
2025-03-29 19:00:18.135714,4.38,3.68,0.59,-0.59,10.15,0
2025-03-29 19:00:19.135714,3.33,1.78,0.35,1.0,10.44,1
2025-03-29 19:00:20.135714,1.48,0.65,-0.41,-0.93,9.93,1
2025-03-29 19:00:21.135714,3.09,2.86,-0.43,-0.15,9.68,0
2025-03-29 19:00:22.135714,2.08,3.79,0.52,-0.17,9.58,0
2025-03-29 19:00:23.135714,1.88,0.92,-0.97,0.01,9.98,1
2025-03-29 19:00:24.135714,3.72,2.5,0.71,-0.05,10.46,0
2025-03-29 19:00:25.135714,4.05,3.25,0.12,0.78,10.34,0
2025-03-29 19:00:26.135714,2.07,1.91,0.96,-0.96,10.34,1
2025-03-29 19:00:27.135714,4.85,1.45,0.87,-0.73,10.01,1
2025-03-29 19:00:28.135714,4.38,3.31,0.32,-0.99,9.52,0
2025-03-29 19:00:29.135714,2.82,4.56,-0.06,-0.05,10.48,0
2025-03-29 19:00:30.135714,3.63,1.52,-0.92,-0.87,9.51,1
2025-03-29 19:00:31.135714,1.3,3.11,-0.79,-0.64,9.57,1
2025-03-29 19:00:32.135714,3.89,1.35,0.42,-0.22,10.47,1
2025-03-29 19:00:33.135714,4.74,4.74,0.55,0.89,10.44,0
2025-03-29 19:00:34.135714,4.04,0.67,0.88,0.59,10.07,1
2025-03-29 19:00:35.135714,4.76,4.6,0.19,-0.21,10.47,0
2025-03-29 19:00:36.135714,0.61,4.35,0.92,0.43,9.79,1
2025-03-29 19:00:37.135714,2.93,0.67,0.32,-0.36,10.28,1
2025-03-29 19:00:38.135714,1.86,4.11,0.86,-0.93,9.97,1
2025-03-29 19:00:39.135714,3.19,0.84,0.17,-0.59,10.42,1
2025-03-29 19:00:40.135714,1.66,1.92,-0.43,-0.43,9.76,1
2025-03-29 19:00:41.135714,3.64,3.9,-0.82,0.56,9.68,0
2025-03-29 19:00:42.135714,1.47,2.45,0.67,0.51,10.02,1
2025-03-29 19:00:43.135714,3.47,2.09,-0.81,-0.22,10.18,0
2025-03-29 19:00:44.135714,4.42,3.41,0.84,-0.05,10.32,0
2025-03-29 19:00:45.135714,4.88,3.66,0.15,-0.81,10.48,0
2025-03-29 19:00:46.135714,3.77,0.51,0.36,0.74,9.73,1
2025-03-29 19:00:47.135714,3.31,2.43,-0.18,-0.44,9.9,0
2025-03-29 19:00:48.135714,2.28,3.55,-0.3,0.38,10.18,0
2025-03-29 19:00:49.135714,1.7,4.59,-0.8,-0.88,10.18,1
2025-03-29 19:00:50.135714,0.87,1.52,-0.98,0.85,10.3,1
2025-03-29 19:00:51.135714,4.91,0.61,-0.45,0.07,9.88,1
2025-03-29 19:00:52.135714,0.89,1.58,-0.64,-0.54,10.43,1
2025-03-29 19:00:53.135714,0.99,1.42,0.72,0.47,9.62,1
2025-03-29 19:00:54.135714,3.29,0.75,0.83,0.61,9.95,1
2025-03-29 19:00:55.135714,3.99,4.92,-0.38,0.38,10.46,0
2025-03-29 19:00:56.135714,4.2,4.77,-0.82,-0.91,9.89,0
2025-03-29 19:00:57.135714,3.37,3.46,0.07,-0.16,9.83,0
2025-03-29 19:00:58.135714,2.16,1.83,0.22,-0.37,10.34,1
2025-03-29 19:00:59.135714,0.97,2.42,-0.32,0.06,10.49,1
2025-03-29 19:01:00.135714,3.38,1.14,0.76,0.26,10.2,1
2025-03-29 19:01:01.135714,3.91,3.88,-0.19,-0.85,10.5,0
2025-03-29 19:01:02.135714,1.08,2.71,-0.15,-0.85,10.18,1
2025-03-29 19:01:03.135714,0.7,2.89,-0.9,0.91,10.21,1
2025-03-29 19:01:04.135714,2.09,3.24,0.96,0.53,10.48,0
2025-03-29 19:01:05.135714,4.61,1.54,-0.41,-0.01,10.34,1
2025-03-29 19:01:06.135714,4.25,4.8,-0.09,-0.69,10.37,0
2025-03-29 19:01:07.135714,3.95,2.57,0.71,-0.63,10.18,0
2025-03-29 19:01:08.135714,2.83,3.17,-0.27,-0.47,9.69,0
2025-03-29 19:01:09.135714,3.91,4.29,-0.97,0.08,10.32,0
2025-03-29 19:01:10.135714,3.17,1.96,-0.94,0.7,10.28,1
2025-03-29 19:01:11.135714,4.39,3.08,-0.83,0.48,10.37,0
2025-03-29 19:01:12.135714,4.52,4.51,0.67,-0.82,9.84,0
2025-03-29 19:01:13.135714,0.81,3.82,0.97,-0.5,10.02,1
2025-03-29 19:01:14.135714,3.98,4.98,-0.65,0.02,10.27,0
2025-03-29 19:01:15.135714,4.68,2.99,-0.92,-0.66,10.22,0
2025-03-29 19:01:16.135714,3.56,4.57,0.5,0.5,10.06,0
2025-03-29 19:01:17.135714,3.26,3.52,0.95,0.26,10.39,0
2025-03-29 19:01:18.135714,3.06,4.44,-0.54,-0.78,10.43,0
2025-03-29 19:01:19.135714,3.78,4.64,-0.8,-0.64,10.32,0
2025-03-29 19:01:20.135714,0.5,1.93,0.19,-0.47,9.84,1
2025-03-29 19:01:21.135714,3.19,2.12,0.71,-0.33,9.93,0
2025-03-29 19:01:22.135714,3.82,4.78,-0.29,-0.8,10.3,0
2025-03-29 19:01:23.135714,3.15,4.48,0.62,0.45,10.28,0
2025-03-29 19:01:24.135714,4.53,1.32,0.82,0.31,10.35,1
2025-03-29 19:01:25.135714,0.74,1.89,0.3,0.64,9.61,1
2025-03-29 19:01:26.135714,3.52,3.42,0.04,-0.67,9.7,0
2025-03-29 19:01:27.135714,3.76,4.31,-0.17,-0.45,9.91,0
2025-03-29 19:01:28.135714,1.7,2.08,-0.38,0.2,10.17,1
2025-03-29 19:01:29.135714,3.67,4.17,-0.1,0.77,10.48,0
2025-03-29 19:01:30.135714,3.56,4.44,-0.32,-0.9,9.58,0
2025-03-29 19:01:31.135714,1.14,2.62,-0.47,0.71,9.76,1
2025-03-29 19:01:32.135714,1.4,0.67,-0.24,-0.91,9.69,1
2025-03-29 19:01:33.135714,3.07,1.35,0.89,-0.49,10.31,1
2025-03-29 19:01:34.135714,2.79,2.84,-0.68,-0.29,9.93,0
2025-03-29 19:01:35.135714,4.49,0.56,-0.8,0.04,9.61,1
2025-03-29 19:01:36.135714,2.2,0.76,0.7,-0.95,10.38,1
2025-03-29 19:01:37.135714,1.84,4.64,0.27,-0.67,10.38,1
2025-03-29 19:01:38.135714,0.97,3.75,-0.64,-0.77,10.2,1
2025-03-29 19:01:39.135714,3.04,2.85,0.58,-0.78,10.12,0
2025-03-29 19:01:40.135714,2.85,1.68,-0.99,-0.73,9.7,1
2025-03-29 19:01:41.135714,2.55,3.74,0.72,0.25,10.48,0
2025-03-29 19:01:42.135714,2.68,1.12,0.98,-0.43,10.03,1
2025-03-29 19:01:43.135714,1.09,1.7,-0.98,0.15,9.63,1
2025-03-29 19:01:44.135714,1.68,4.98,-0.96,0.37,10.37,1
2025-03-29 19:01:45.135714,3.64,0.95,0.96,0.86,9.65,1
2025-03-29 19:01:46.135714,3.16,3.94,0.16,0.35,9.72,0
2025-03-29 19:01:47.135714,4.82,2.59,-0.6,0.27,9.7,0
2025-03-29 19:01:48.135714,0.56,4.63,-0.46,-0.63,10.46,1
2025-03-29 19:01:49.135714,2.38,3.93,0.16,0.09,9.52,0
2025-03-29 19:01:50.135714,1.15,0.73,0.56,0.83,10.33,1
2025-03-29 19:01:51.135714,4.21,3.88,0.43,0.87,10.2,0
2025-03-29 19:01:52.135714,3.68,1.82,-0.27,0.94,9.73,1
2025-03-29 19:01:53.135714,3.25,1.2,0.81,0.38,10.08,1
2025-03-29 19:01:54.135714,3.48,1.83,-0.05,-0.37,9.63,1
2025-03-29 19:01:55.135714,4.4,4.5,0.37,0.71,10.08,0
2025-03-29 19:01:56.135714,2.66,3.96,0.18,-0.94,10.05,0
2025-03-29 19:01:57.135714,3.68,2.59,-0.84,-0.56,9.5,0
2025-03-29 19:01:58.135714,4.91,4.62,-0.6,0.25,10.05,0
2025-03-29 19:01:59.135714,1.44,1.23,0.7,0.69,10.2,1
2025-03-29 19:02:00.135714,1.13,4.01,0.22,0.45,9.81,1
2025-03-29 19:02:01.135714,0.7,3.23,-0.14,0.27,9.79,1
2025-03-29 19:02:02.135714,3.7,2.24,-0.8,-0.84,10.17,0
2025-03-29 19:02:03.135714,2.08,4.15,0.25,-0.03,9.61,0
2025-03-29 19:02:04.135714,3.03,1.19,0.57,0.19,10.48,1
2025-03-29 19:02:05.135714,3.63,0.68,0.73,-0.52,10.32,1
2025-03-29 19:02:06.135714,2.63,2.61,0.13,0.07,10.28,0
2025-03-29 19:02:07.135714,3.67,1.1,0.3,-0.01,10.22,1
2025-03-29 19:02:08.135714,4.71,4.88,-0.39,-0.38,9.7,0
2025-03-29 19:02:09.135714,0.91,4.46,-0.96,0.42,10.23,1
2025-03-29 19:02:10.135714,3.88,2.81,0.05,0.24,9.66,0
2025-03-29 19:02:11.135714,1.43,4.26,0.58,-0.73,10.28,1
2025-03-29 19:02:12.135714,0.52,2.6,-0.9,0.07,9.61,1
2025-03-29 19:02:13.135714,1.85,4.27,-0.13,-0.78,9.59,1
2025-03-29 19:02:14.135714,3.84,1.17,-0.57,-0.85,9.72,1
2025-03-29 19:02:15.135714,4.06,4.81,-0.65,0.03,9.88,0
2025-03-29 19:02:16.135714,2.64,3.66,-0.67,-0.31,10.0,0
2025-03-29 19:02:17.135714,3.48,4.14,0.48,-0.61,10.36,0
2025-03-29 19:02:18.135714,3.69,2.76,-0.8,-0.42,9.87,0
2025-03-29 19:02:19.135714,2.23,3.46,0.01,-0.33,9.74,0
2025-03-29 19:02:20.135714,2.98,0.59,0.22,0.99,9.8,1
2025-03-29 19:02:21.135714,2.47,3.43,-0.02,0.01,9.65,0
2025-03-29 19:02:22.135714,1.74,3.51,0.26,0.69,10.32,1
2025-03-29 19:02:23.135714,3.73,1.19,-0.92,0.5,10.31,1
2025-03-29 19:02:24.135714,2.87,1.26,0.02,0.55,10.34,1
2025-03-29 19:02:25.135714,4.54,1.58,0.6,-0.33,9.77,1
2025-03-29 19:02:26.135714,2.53,1.53,0.11,-0.24,10.22,1
2025-03-29 19:02:27.135714,2.34,2.34,-0.91,-0.08,9.75,0
2025-03-29 19:02:28.135714,1.44,4.84,-0.83,0.57,9.95,1
2025-03-29 19:02:29.135714,3.88,2.47,0.71,-0.79,10.0,0
2025-03-29 19:02:30.135714,1.23,3.79,-0.66,0.17,9.58,1
2025-03-29 19:02:31.135714,2.57,4.61,0.14,-0.24,10.14,0
2025-03-29 19:02:32.135714,1.07,3.65,0.87,-0.2,9.74,1
2025-03-29 19:02:33.135714,1.4,1.44,0.97,-0.43,9.55,1
2025-03-29 19:02:34.135714,3.1,0.86,0.57,-0.3,10.15,1
2025-03-29 19:02:35.135714,4.96,4.98,0.56,-0.89,9.79,0
2025-03-29 19:02:36.135714,2.68,4.6,-0.86,0.02,9.97,0
2025-03-29 19:02:37.135714,4.53,1.01,-0.2,-0.91,10.48,1
2025-03-29 19:02:38.135714,3.49,4.76,-0.65,0.86,10.47,0
2025-03-29 19:02:39.135714,1.53,1.43,0.03,-0.42,10.43,1
2025-03-29 19:02:40.135714,2.61,3.18,-0.81,0.44,10.11,0
2025-03-29 19:02:41.135714,2.42,4.15,0.71,0.6,9.72,0
2025-03-29 19:02:42.135714,1.06,2.11,0.84,0.62,9.88,1
2025-03-29 19:02:43.135714,1.42,2.97,0.46,0.95,10.42,1
2025-03-29 19:02:44.135714,3.0,4.32,0.32,0.28,10.25,0
2025-03-29 19:02:45.135714,0.95,2.33,0.78,0.9,10.25,1
2025-03-29 19:02:46.135714,0.75,1.43,-0.9,0.48,9.59,1
2025-03-29 19:02:47.135714,2.51,0.93,-0.4,-0.1,10.01,1
2025-03-29 19:02:48.135714,2.7,3.18,-0.63,-0.45,9.67,0
2025-03-29 19:02:49.135714,2.51,1.88,-0.55,0.19,10.3,1
2025-03-29 19:02:50.135714,2.97,3.9,-0.48,0.0,10.02,0
2025-03-29 19:02:51.135714,0.95,4.79,0.35,-0.75,9.72,1
2025-03-29 19:02:52.135714,2.6,4.94,-0.38,0.15,10.28,0
2025-03-29 19:02:53.135714,0.7,0.97,-0.62,0.71,9.97,1
2025-03-29 19:02:54.135714,0.64,2.11,-0.11,-0.38,10.33,1
2025-03-29 19:02:55.135714,2.83,3.29,0.61,0.23,9.74,0
2025-03-29 19:02:56.135714,0.93,2.15,-0.74,0.94,9.78,1
2025-03-29 19:02:57.135714,4.89,4.56,1.0,0.95,10.19,0
2025-03-29 19:02:58.135714,2.51,4.89,-0.86,0.06,9.6,0
2025-03-29 19:02:59.135714,2.76,1.94,-0.42,-0.79,10.24,1
2025-03-29 19:03:00.135714,1.15,2.33,0.48,-0.63,9.67,1
2025-03-29 19:03:01.135714,4.0,2.63,0.42,0.84,10.09,0
2025-03-29 19:03:02.135714,2.1,3.34,-0.42,-0.26,10.31,0
2025-03-29 19:03:03.135714,2.17,4.91,-0.65,0.16,10.29,0
2025-03-29 19:03:04.135714,1.53,4.25,-0.43,-0.35,10.49,1
2025-03-29 19:03:05.135714,1.95,1.79,0.78,-0.19,9.97,1
2025-03-29 19:03:06.135714,0.86,2.63,-0.26,-0.15,9.76,1
2025-03-29 19:03:07.135714,1.44,4.03,-0.33,0.56,10.48,1
2025-03-29 19:03:08.135714,1.94,0.73,-0.35,-0.98,9.82,1
2025-03-29 19:03:09.135714,2.37,1.22,-0.8,-0.83,10.5,1
2025-03-29 19:03:10.135714,3.11,2.23,0.15,-0.37,9.9,0
2025-03-29 19:03:11.135714,4.6,4.12,0.07,0.3,10.35,0
2025-03-29 19:03:12.135714,2.77,2.36,0.55,-0.22,9.91,0
2025-03-29 19:03:13.135714,0.67,2.87,0.75,0.69,10.43,1
2025-03-29 19:03:14.135714,1.77,4.01,0.2,-1.0,9.6,1
2025-03-29 19:03:15.135714,1.52,1.01,-0.94,-0.35,9.85,1
2025-03-29 19:03:16.135714,1.39,2.68,-0.35,0.95,10.36,1
2025-03-29 19:03:17.135714,2.33,3.4,-0.86,-0.49,10.44,0
2025-03-29 19:03:18.135714,2.28,2.76,-0.76,0.33,9.75,0
2025-03-29 19:03:19.135714,1.35,0.68,0.11,-0.14,10.21,1
2025-03-29 19:03:20.135714,3.16,3.03,-0.59,0.57,9.7,0
2025-03-29 19:03:21.135714,1.65,4.83,-0.15,-0.8,10.41,1
2025-03-29 19:03:22.135714,1.54,1.52,0.43,-0.1,10.39,1
2025-03-29 19:03:23.135714,1.76,4.08,-0.84,-0.53,10.32,1
2025-03-29 19:03:24.135714,1.11,1.85,-0.27,-0.71,9.82,1
2025-03-29 19:03:25.135714,0.85,4.29,0.06,-0.96,10.08,1
2025-03-29 19:03:26.135714,1.4,1.42,-0.5,0.0,9.7,1
2025-03-29 19:03:27.135714,4.14,1.59,-0.63,0.33,9.88,1
2025-03-29 19:03:28.135714,4.39,4.73,-0.7,-0.73,9.99,0
2025-03-29 19:03:29.135714,3.59,0.6,-0.31,0.35,10.06,1
2025-03-29 19:03:30.135714,2.5,3.68,0.67,-0.0,9.9,0
2025-03-29 19:03:31.135714,0.6,1.13,0.76,0.23,10.13,1
2025-03-29 19:03:32.135714,3.35,3.93,-0.68,-0.15,9.93,0
2025-03-29 19:03:33.135714,2.21,0.98,0.73,-0.62,10.15,1
2025-03-29 19:03:34.135714,3.0,2.24,-0.73,0.1,10.0,0
2025-03-29 19:03:35.135714,1.02,3.12,0.16,-0.64,10.09,1
2025-03-29 19:03:36.135714,1.3,1.39,-0.85,0.07,9.62,1
2025-03-29 19:03:37.135714,4.67,1.75,0.79,-0.82,10.04,1
2025-03-29 19:03:38.135714,1.32,3.74,0.12,-0.85,9.9,1
2025-03-29 19:03:39.135714,1.33,1.99,-0.76,-0.56,9.9,1
2025-03-29 19:03:40.135714,2.14,2.14,-0.09,0.95,10.05,0
2025-03-29 19:03:41.135714,2.01,2.64,0.62,-0.12,9.69,0
2025-03-29 19:03:42.135714,3.82,4.09,0.09,-0.32,9.79,0
2025-03-29 19:03:43.135714,2.11,1.72,-0.06,-0.62,9.84,1
2025-03-29 19:03:44.135714,3.91,4.19,-0.67,0.34,10.25,0
2025-03-29 19:03:45.135714,4.67,4.08,-0.06,-0.09,9.76,0
2025-03-29 19:03:46.135714,4.55,0.76,0.28,0.11,9.82,1
2025-03-29 19:03:47.135714,2.77,1.8,0.24,-0.22,10.48,1
2025-03-29 19:03:48.135714,3.67,4.04,0.16,0.92,9.66,0
2025-03-29 19:03:49.135714,0.51,2.68,-0.15,-0.06,10.09,1
2025-03-29 19:03:50.135714,4.74,3.22,0.01,0.11,9.91,0
2025-03-29 19:03:51.135714,1.49,0.7,0.39,-0.42,9.74,1
2025-03-29 19:03:52.135714,1.97,4.09,0.31,-0.32,10.27,1
2025-03-29 19:03:53.135714,1.72,3.8,-0.26,0.98,9.83,1
2025-03-29 19:03:54.135714,4.83,3.67,-0.02,0.73,10.46,0
2025-03-29 19:03:55.135714,0.6,3.82,0.51,0.22,10.12,1
2025-03-29 19:03:56.135714,3.37,3.03,-0.99,0.37,9.56,0
2025-03-29 19:03:57.135714,0.5,3.63,0.79,0.54,10.36,1
2025-03-29 19:03:58.135714,1.59,1.7,-0.28,0.66,9.87,1
2025-03-29 19:03:59.135714,4.67,0.7,-0.81,0.49,10.43,1
2025-03-29 19:04:00.135714,0.88,1.72,0.81,-0.66,9.74,1
2025-03-29 19:04:01.135714,1.5,1.97,0.53,0.12,9.62,1
2025-03-29 19:04:02.135714,4.28,3.17,-0.71,0.98,9.89,0
2025-03-29 19:04:03.135714,0.85,2.44,-0.88,0.62,9.9,1
2025-03-29 19:04:04.135714,2.65,4.54,0.46,-0.97,10.31,0
2025-03-29 19:04:05.135714,1.27,1.99,-0.97,0.05,10.23,1
2025-03-29 19:04:06.135714,0.79,4.36,0.04,0.94,9.93,1
2025-03-29 19:04:07.135714,2.35,1.95,-0.08,0.47,10.25,1
2025-03-29 19:04:08.135714,2.09,0.56,0.93,-0.82,10.19,1
2025-03-29 19:04:09.135714,4.05,3.8,-0.88,-0.58,9.54,0
2025-03-29 19:04:10.135714,2.32,4.12,-0.29,-0.16,9.72,0
2025-03-29 19:04:11.135714,2.05,0.82,0.9,0.36,10.07,1
2025-03-29 19:04:12.135714,1.79,3.69,-0.38,0.2,10.43,1
2025-03-29 19:04:13.135714,1.76,1.75,-0.1,0.28,9.84,1
2025-03-29 19:04:14.135714,3.08,4.52,-0.39,-0.97,10.06,0
2025-03-29 19:04:15.135714,2.4,3.83,0.3,-0.55,10.14,0
2025-03-29 19:04:16.135714,4.38,3.28,-0.04,-0.15,9.77,0
2025-03-29 19:04:17.135714,2.2,1.59,-0.8,0.43,9.86,1
2025-03-29 19:04:18.135714,3.07,2.6,-0.5,0.76,9.53,0
2025-03-29 19:04:19.135714,3.84,3.92,-0.48,0.98,10.48,0
2025-03-29 19:04:20.135714,4.41,3.22,-0.06,0.53,10.43,0
2025-03-29 19:04:21.135714,3.73,2.83,0.56,-0.8,10.33,0
2025-03-29 19:04:22.135714,3.18,4.67,0.19,-0.18,10.2,0
2025-03-29 19:04:23.135714,3.58,2.08,0.68,0.8,10.16,0
2025-03-29 19:04:24.135714,3.48,1.25,-0.15,-0.73,10.35,1
2025-03-29 19:04:25.135714,2.18,3.03,0.15,-0.21,9.98,0
2025-03-29 19:04:26.135714,2.89,2.97,-0.8,0.07,10.11,0
2025-03-29 19:04:27.135714,1.05,2.92,-0.12,-0.17,9.56,1
2025-03-29 19:04:28.135714,0.94,2.98,0.43,0.33,9.84,1
2025-03-29 19:04:29.135714,2.18,0.79,-0.98,-0.83,9.97,1
2025-03-29 19:04:30.135714,3.7,1.12,0.83,-0.59,9.69,1
2025-03-29 19:04:31.135714,1.28,2.88,-0.15,0.39,10.29,1
2025-03-29 19:04:32.135714,3.63,3.99,-0.64,-0.72,9.92,0
2025-03-29 19:04:33.135714,3.06,2.1,0.85,0.59,9.99,0
2025-03-29 19:04:34.135714,1.99,2.91,0.44,0.19,10.33,1
2025-03-29 19:04:35.135714,1.47,3.77,0.05,-0.42,10.14,1
2025-03-29 19:04:36.135714,1.47,2.5,-0.66,-0.35,9.81,1
2025-03-29 19:04:37.135714,1.38,3.12,0.96,-0.76,10.31,1
2025-03-29 19:04:38.135714,2.59,4.44,-0.43,0.31,10.17,0
2025-03-29 19:04:39.135714,4.5,2.62,-0.95,-0.31,10.26,0
2025-03-29 19:04:40.135714,4.24,2.89,0.61,-0.15,10.26,0
2025-03-29 19:04:41.135714,1.31,0.88,-0.12,0.47,10.03,1
2025-03-29 19:04:42.135714,3.64,3.15,0.58,0.29,10.2,0
2025-03-29 19:04:43.135714,1.56,4.96,-0.9,-0.4,9.92,1
2025-03-29 19:04:44.135714,1.84,4.62,0.25,0.26,10.25,1
2025-03-29 19:04:45.135714,4.14,4.27,0.6,0.21,10.36,0
2025-03-29 19:04:46.135714,3.86,3.41,0.01,0.3,10.46,0
2025-03-29 19:04:47.135714,1.22,4.1,0.72,-0.11,10.31,1
2025-03-29 19:04:48.135714,3.3,4.26,-0.97,0.4,9.83,0
2025-03-29 19:04:49.135714,2.01,4.54,0.92,0.54,10.15,0
2025-03-29 19:04:50.135714,4.99,2.76,-0.96,0.78,9.85,0
2025-03-29 19:04:51.135714,4.48,4.42,0.58,0.78,10.07,0
2025-03-29 19:04:52.135714,3.07,0.72,0.5,0.46,9.65,1
2025-03-29 19:04:53.135714,2.15,2.21,-0.14,-0.69,10.48,0
2025-03-29 19:04:54.135714,3.37,3.29,-0.81,0.61,10.04,0
2025-03-29 19:04:55.135714,2.62,0.7,0.84,0.53,9.66,1
2025-03-29 19:04:56.135714,2.99,4.63,-0.07,-0.38,10.46,0
2025-03-29 19:04:57.135714,3.4,1.08,0.9,0.99,9.88,1
2025-03-29 19:04:58.135714,0.71,1.35,0.41,-0.52,9.73,1
2025-03-29 19:04:59.135714,4.03,2.74,0.84,0.57,9.86,0
2025-03-29 19:05:00.135714,4.18,4.4,-0.82,0.46,10.27,0
2025-03-29 19:05:01.135714,4.68,2.42,0.43,-0.01,9.9,0
2025-03-29 19:05:02.135714,2.75,3.93,-0.55,-0.64,10.33,0
2025-03-29 19:05:03.135714,3.56,4.55,0.11,0.4,9.97,0
2025-03-29 19:05:04.135714,3.62,3.87,0.21,-0.71,10.28,0
2025-03-29 19:05:05.135714,4.88,0.89,-0.66,0.37,9.77,1
2025-03-29 19:05:06.135714,2.26,3.88,-0.61,-0.68,9.6,0
2025-03-29 19:05:07.135714,3.26,1.57,-0.26,-0.52,9.64,1
2025-03-29 19:05:08.135714,2.27,0.99,0.81,0.58,10.03,1
2025-03-29 19:05:09.135714,3.79,0.79,0.98,0.53,9.62,1
2025-03-29 19:05:10.135714,1.47,3.92,0.87,-0.33,10.14,1
2025-03-29 19:05:11.135714,3.57,1.57,0.87,-0.23,9.88,1
2025-03-29 19:05:12.135714,3.57,0.9,0.39,0.87,9.74,1
2025-03-29 19:05:13.135714,1.65,3.19,0.88,-0.88,9.6,1
2025-03-29 19:05:14.135714,0.77,4.19,0.62,1.0,10.38,1
2025-03-29 19:05:15.135714,0.94,3.12,0.86,-0.78,10.36,1
2025-03-29 19:05:16.135714,2.97,0.77,0.17,0.38,9.96,1
2025-03-29 19:05:17.135714,3.57,1.68,0.02,-0.9,9.56,1
2025-03-29 19:05:18.135714,4.2,2.2,0.68,0.29,10.39,0
2025-03-29 19:05:19.135714,2.02,4.07,-0.03,-0.85,9.65,0
2025-03-29 19:05:20.135714,4.93,2.01,0.26,0.38,9.65,0
2025-03-29 19:05:21.135714,0.96,3.3,-0.53,0.12,10.36,1
2025-03-29 19:05:22.135714,0.73,1.51,0.26,-0.04,10.3,1
2025-03-29 19:05:23.135714,4.62,4.64,0.18,-0.56,10.41,0
2025-03-29 19:05:24.135714,3.62,1.0,-0.51,-0.34,9.74,1
2025-03-29 19:05:25.135714,2.77,1.9,0.71,0.56,9.68,1
2025-03-29 19:05:26.135714,1.76,1.39,0.16,0.7,9.94,1
2025-03-29 19:05:27.135714,3.56,1.95,0.32,-0.01,9.96,1
2025-03-29 19:05:28.135714,4.06,2.23,-0.87,0.01,9.51,0
2025-03-29 19:05:29.135714,3.92,1.48,0.24,-0.49,9.98,1
2025-03-29 19:05:30.135714,1.45,2.87,0.4,0.19,9.65,1
2025-03-29 19:05:31.135714,1.04,1.05,-0.87,-0.25,10.26,1
2025-03-29 19:05:32.135714,3.67,2.71,-0.75,0.51,9.52,0
2025-03-29 19:05:33.135714,2.01,2.26,-0.26,-0.86,9.94,0
2025-03-29 19:05:34.135714,2.6,4.75,-0.53,0.11,9.58,0
2025-03-29 19:05:35.135714,3.89,4.66,-0.44,0.83,9.85,0
2025-03-29 19:05:36.135714,0.67,0.93,0.72,0.17,10.49,1
2025-03-29 19:05:37.135714,1.13,2.71,0.44,-0.8,10.02,1
2025-03-29 19:05:38.135714,2.17,3.57,-0.2,0.66,9.66,0
2025-03-29 19:05:39.135714,4.63,3.78,0.42,-0.61,10.13,0
2025-03-29 19:05:40.135714,1.75,1.44,-0.07,0.5,9.67,1
2025-03-29 19:05:41.135714,2.0,4.75,-0.13,-0.23,9.68,0
2025-03-29 19:05:42.135714,4.83,2.31,0.58,0.89,10.21,0
2025-03-29 19:05:43.135714,3.07,2.07,0.61,0.31,9.52,0
2025-03-29 19:05:44.135714,1.07,2.74,-0.95,-0.87,10.13,1
2025-03-29 19:05:45.135714,3.74,2.62,-0.94,0.95,9.5,0
2025-03-29 19:05:46.135714,3.9,3.57,-0.56,-0.48,10.01,0
2025-03-29 19:05:47.135714,3.17,1.3,0.63,0.81,9.85,1
2025-03-29 19:05:48.135714,3.26,2.48,0.81,0.28,10.05,0
2025-03-29 19:05:49.135714,4.17,3.53,-0.99,0.93,10.03,0
2025-03-29 19:05:50.135714,3.16,1.19,-0.62,0.34,10.13,1
2025-03-29 19:05:51.135714,3.34,1.87,0.77,0.61,10.12,1
2025-03-29 19:05:52.135714,0.87,4.18,-0.71,0.95,10.01,1
2025-03-29 19:05:53.135714,4.32,3.42,0.05,-0.35,9.55,0
2025-03-29 19:05:54.135714,2.66,0.86,0.28,-0.5,9.53,1
2025-03-29 19:05:55.135714,0.74,2.37,0.11,-0.8,10.41,1
2025-03-29 19:05:56.135714,4.0,1.11,0.57,0.37,10.15,1
2025-03-29 19:05:57.135714,1.96,3.7,0.08,-0.14,10.03,1
2025-03-29 19:05:58.135714,2.13,2.75,0.06,-0.99,10.16,0
2025-03-29 19:05:59.135714,4.69,2.8,-0.48,0.32,10.42,0
2025-03-29 19:06:00.135714,2.62,3.15,0.81,0.88,10.37,0
2025-03-29 19:06:01.135714,2.13,1.93,-0.66,0.99,9.65,1
2025-03-29 19:06:02.135714,3.55,2.59,0.58,0.22,10.21,0
2025-03-29 19:06:03.135714,2.56,2.46,0.12,-0.79,9.7,0
2025-03-29 19:06:04.135714,3.66,4.77,-0.61,0.72,10.21,0
2025-03-29 19:06:05.135714,0.78,3.12,0.24,0.18,9.84,1
2025-03-29 19:06:06.135714,3.26,4.77,0.82,-0.38,10.23,0
2025-03-29 19:06:07.135714,3.76,1.34,0.84,-0.27,10.04,1
2025-03-29 19:06:08.135714,2.39,2.81,-0.15,0.8,10.29,0
2025-03-29 19:06:09.135714,3.94,4.12,0.97,0.23,9.81,0
2025-03-29 19:06:10.135714,1.08,1.95,0.07,-0.63,9.55,1
2025-03-29 19:06:11.135714,3.1,1.0,-0.89,0.49,10.49,1
2025-03-29 19:06:12.135714,0.83,3.43,-0.42,0.1,10.08,1
2025-03-29 19:06:13.135714,4.48,1.68,-0.16,-1.0,10.38,1
2025-03-29 19:06:14.135714,2.5,3.21,0.53,-0.34,9.76,0
2025-03-29 19:06:15.135714,2.65,4.43,-0.9,0.38,10.18,0
2025-03-29 19:06:16.135714,1.28,2.0,0.82,0.79,10.4,1
2025-03-29 19:06:17.135714,4.67,2.89,-0.08,-0.76,10.01,0
2025-03-29 19:06:18.135714,1.93,1.87,0.46,-0.78,9.98,1
2025-03-29 19:06:19.135714,1.03,1.77,0.93,0.89,10.17,1
2025-03-29 19:06:20.135714,3.59,2.58,-0.65,-0.3,10.24,0
2025-03-29 19:06:21.135714,0.77,2.68,0.58,-0.51,10.28,1
2025-03-29 19:06:22.135714,4.59,2.21,0.24,0.72,9.81,0
2025-03-29 19:06:23.135714,4.28,2.51,-0.68,-0.54,10.45,0
2025-03-29 19:06:24.135714,2.35,3.18,-0.53,-0.37,9.71,0
2025-03-29 19:06:25.135714,3.83,0.64,0.1,-0.46,9.68,1
2025-03-29 19:06:26.135714,2.88,1.15,-0.96,0.78,10.12,1
2025-03-29 19:06:27.135714,0.87,0.86,-0.71,-0.55,10.39,1
2025-03-29 19:06:28.135714,0.77,1.49,0.41,0.69,9.97,1
2025-03-29 19:06:29.135714,3.34,2.47,0.08,-0.59,9.81,0
2025-03-29 19:06:30.135714,1.95,1.82,-0.7,-0.41,9.84,1
2025-03-29 19:06:31.135714,1.06,1.72,0.78,0.63,10.15,1
2025-03-29 19:06:32.135714,2.0,4.87,-0.57,-0.48,10.04,0
2025-03-29 19:06:33.135714,4.72,1.47,-0.95,-0.53,9.57,1
2025-03-29 19:06:34.135714,4.92,3.42,0.92,-0.73,9.84,0
2025-03-29 19:06:35.135714,1.74,4.24,0.46,0.12,9.5,1
2025-03-29 19:06:36.135714,0.83,2.62,0.16,-0.97,9.83,1
2025-03-29 19:06:37.135714,3.42,2.86,0.87,0.08,9.59,0
2025-03-29 19:06:38.135714,4.81,1.47,-0.23,0.23,10.34,1
2025-03-29 19:06:39.135714,5.0,0.77,-0.49,-0.64,10.09,1
2025-03-29 19:06:40.135714,1.77,2.08,-0.86,0.67,10.05,1
2025-03-29 19:06:41.135714,3.29,1.8,-0.32,0.3,9.87,1
2025-03-29 19:06:42.135714,2.34,3.16,-0.08,-0.68,10.44,0
2025-03-29 19:06:43.135714,2.16,4.05,-0.61,0.17,9.62,0
2025-03-29 19:06:44.135714,0.72,2.29,-0.63,0.26,10.11,1
2025-03-29 19:06:45.135714,1.79,3.47,-0.57,0.9,9.53,1
2025-03-29 19:06:46.135714,2.01,3.88,0.79,-0.04,10.23,0
2025-03-29 19:06:47.135714,1.61,1.95,-0.14,0.83,10.12,1
2025-03-29 19:06:48.135714,1.52,4.83,-0.35,-0.04,10.14,1
2025-03-29 19:06:49.135714,4.27,0.95,0.96,0.32,10.44,1
2025-03-29 19:06:50.135714,0.61,3.12,0.88,0.06,9.96,1
2025-03-29 19:06:51.135714,2.8,2.15,0.34,0.24,10.15,0
2025-03-29 19:06:52.135714,4.03,2.46,0.4,-0.42,9.98,0
2025-03-29 19:06:53.135714,4.91,3.87,-0.24,-0.63,9.65,0
